{"cameraMode":{"drawMode":0,"name":"Shaded","section":"Shading Mode"},"sceneLighting":true,"audioPlay":false,"sceneViewState":{"m_AlwaysRefresh":false,"showFog":true,"showSkybox":true,"showFlares":true,"showImageEffects":true,"showParticleSystems":true,"showVisualEffectGraphs":true,"m_FxEnabled":true},"in2DMode":false,"pivot":{"x":-3.4950449466705324,"y":11.853830337524414,"z":-8.844367027282715},"rotation":{"x":0.005893186200410128,"y":0.990110456943512,"z":-0.13328281044960023,"w":0.043705593794584277},"size":35.49970245361328,"orthographic":false}