{"cameraMode":{"drawMode":0,"name":"Shaded","section":"Shading Mode"},"sceneLighting":true,"audioPlay":false,"sceneViewState":{"m_AlwaysRefresh":false,"showFog":true,"showSkybox":true,"showFlares":true,"showImageEffects":true,"showParticleSystems":true,"showVisualEffectGraphs":true,"m_FxEnabled":true},"in2DMode":false,"pivot":{"x":-11.261816024780274,"y":-6.541025161743164,"z":54.60338592529297},"rotation":{"x":0.19241668283939362,"y":-0.042981456965208057,"z":0.008453097194433213,"w":0.980351984500885},"size":56.144012451171878,"orthographic":false}